"PC1","PC2","PC3","poplabel"
-0.00604801074758911,-0.0216038383576076,-0.00101374998959668,6
-0.00628810535605097,-0.0216327827211927,-0.00286118993346388,6
-0.00676814316583404,-0.0221755094593745,-9.66093292576756e-05,6
-0.00795314962395411,-0.0201116349620812,-0.000952151888942425,6
-0.00573600814687806,-0.0213322844665344,-0.00204802267619175,6
-0.0398602253404954,0.0367910916702074,0.00340797047677597,1
-0.0390702524393533,0.0365038115748896,0.0032765713743019,1
-0.0370295607219115,0.0323762789343116,0.00273826614942849,1
-0.0402172450782714,0.037832170586473,0.00487982304010906,1
-0.0401141872643457,0.0377901150716766,0.00467545674276295,1
-0.036574712026246,0.0321607952997575,0.00439004051472824,1
-0.00357854766306209,-0.0166769003970671,-0.00283694372691503,6
-0.00612089674305273,-0.0198115315596636,-0.000748840453580079,6
-0.00612166936185174,-0.0187431135198356,-0.00193101402005051,6
-0.00327004686972726,-0.0144535013854121,-0.00476183008604771,6
-0.00525660840431206,-0.0190020014068385,-0.00123749478750534,6
0.0325226781407743,0.0178046390684289,0.0205871047556665,2
0.0325163154594552,0.0180709626491578,0.0160487319274917,2
0.0319224148611371,0.01765397409923,0.0120022799227781,2
0.0315551483814324,0.0171763278506686,0.0159448928197971,2
0.0316799969784686,0.0167309570462673,0.0160639291083168,2
0.0310840456631723,0.0167436710434526,0.0309129771747045,2
0.0322157752023315,0.0171764248877947,0.0298467565799273,2
0.0324174651850554,0.0174938132229347,0.0295588595827067,2
0.0316329826436615,0.0179271977355516,-0.0106052312056665,2
0.0310957586869561,0.0180183679187635,-0.0081067466859914,2
0.0317773948359659,0.019088234611542,-0.0116130966354003,2
0.0312315193512655,0.0187641076508157,-0.00981189190834612,2
0.0310442302257492,0.0177908986556148,-0.00783482244690332,2
-0.0075436976845424,-0.0232204239876449,0.000382957198495426,6
-0.00769664985721263,-0.0243660090093057,-0.00110151401336256,6
-0.00851771416804233,-0.0227989098553934,-0.000551760789929536,6
0.0148806395599357,-0.00161634279607796,0.0221661712885014,2
0.0182911991316683,0.00163424640138119,0.0241490372638145,2
0.0075944699243706,-0.00955301956163751,0.0155590881854359,2
0.0144075106841371,-0.00258386454440081,0.0188451056105964,2
-0.00201288453260955,-0.0209691624738725,0.00463122844347545,2
0.0209523597626293,0.00478870196004138,0.0263578550392097,2
-0.0171291913869797,-0.0075083383543215,-0.00242627976373017,0
-0.0175101122709315,-0.00753600117861341,-0.00148175438870665,0
-0.0167457163782649,-0.00674274070167234,-0.00110288410906789,0
0.0222938500433705,0.00961217492600008,-0.0110037597945131,2
0.0229615959005665,0.0101570140166718,-0.012008777087553,2
0.0233092689499324,0.00927869290430616,-0.0125957282661104,2
0.0217128244939299,0.00798338095234222,-0.00997996028852886,2
-0.00737616033540979,-0.0223897591683076,-0.00401411829224782,6
-0.00850374229926641,-0.0222257222108116,-0.00171754901848053,6
-0.00778068325935326,-0.0224822317279084,-0.00244861829936587,6
-0.00763048486788977,-0.0214254381044561,-0.00217690578022843,6
-0.00794260936043236,-0.0217623221999946,-0.00274908712583773,6
-0.00817059440506719,-0.0220737041990008,-0.00310406522996899,6
-0.00817690200166253,-0.0214291002788247,-0.00113788738483203,6
-0.00894424282324365,-0.0218341378273184,-0.00204463115367888,6
-0.00348592915317783,-0.0165652766350611,-0.00305228243633069,6
-0.00179547202715977,-0.0151131337586424,-0.00351089866109199,6
-0.00385625595811166,-0.0175948216443061,-0.00246136960254047,6
-0.00345344622986467,-0.0178198291704229,-0.00122637505535478,6
-0.0348406952235218,0.02895038980781,0.000577143019808684,0
-0.0281128478935648,0.0155073189815295,-0.00192985199656916,0
-0.0294293474128785,0.0158102436018123,-0.0017478457481478,0
-0.0424590119711363,0.0425700201874801,0.00329215656817768,0
-0.0422758766365155,0.0420251122140855,0.00243167116598658,0
-0.0422790693413593,0.0414102441095685,0.00206787315210275,0
-0.0424056587465706,0.0423124978363935,0.00261819114115481,0
-0.0378728773956423,0.0334879902965939,0.00137889592178348,0
-0.0291020138841132,0.0163238597760903,-0.000832910668027308,0
-0.0423953444526691,0.0417887376372187,0.0021451916629678,0
-0.0281603310519169,0.015144875045076,-0.00128548871076474,0
-0.0286153069898767,0.0167683612217912,-0.000638930809228438,0
-0.0363190792706481,0.030585642956297,0.000945522245317012,0
-0.00404621841099797,-0.0190250117142172,-0.00120243524004924,6
-0.00361530604315833,-0.0188963019204907,-0.000931437959575528,6
-0.0033783716358217,-0.0184138134484223,-0.00116703918821511,6
-0.00425836667020751,-0.0193637528896645,8.4571074782136e-05,6
-0.00248156713166932,-0.0179053834114552,-0.0025780624552316,6
-0.00261153481180846,-0.016597369418686,-0.00329983729649739,6
-0.00283315636962425,-0.0160139743799304,-0.0024714326483048,6
-0.00173077450027658,-0.016700045913539,-0.00400554305259263,6
-0.0364057929522943,0.0356594392261894,0.00238387364341505,0
-0.035867057084623,0.0343114293443842,0.00247077799782766,0
-0.00737053214277366,-0.0246504464291583,0.00179192867297704,6
-0.00735613752994822,-0.0253252923296983,0.00175849584169778,6
-0.00700321062586162,-0.024599821249721,0.00106694473212892,6
-0.00774404797390731,-0.0263466379788127,0.00266392462311442,6
-0.00732916110329257,-0.0244437357598016,0.00322816398124853,6
-0.00497768976727101,-0.0228832405086064,0.00310668423107196,6
-0.00519106292969145,-0.0227704993952304,0.0050482793457651,6
-0.00464969567629827,-0.0228287687672801,0.00299116344258104,6
-0.00497448713150713,-0.0224028353108302,0.00448773096259794,6
-0.0047557733291946,-0.0218312190497617,0.00370204880406097,6
0.0201368825668814,0.00691767319013524,-0.0133392951618561,2
0.0199472707198779,0.00730047100688612,-0.0115856453220588,2
0.0204537006985011,0.00734310668795003,-0.0128099825936793,2
0.019546458549529,0.0063816822795142,-0.0123160984982498,2
0.0192934322309308,0.0058531092420555,-0.0121620048950845,2
0.0277329482255219,0.0124333492189118,0.0763925581260386,1
0.0294702048004169,0.0137640511142808,0.083287144337153,1
0.0247715051461857,0.0099693357287099,0.0727299891454199,1
-0.0071491080563028,-0.0224087733075499,0.000999326170637862,6
-0.00736762165281823,-0.0240838740682257,0.00154486266451238,6
-0.00751231464851505,-0.0231154766580779,0.00118521030189691,6
-0.00676975327007651,-0.0236715834773492,0.00206101593206783,6
-0.00691601655497654,-0.0231674665406233,0.000157360462434232,6
-0.00441326372934512,-0.0204644115242718,0.00114421671392952,6
-0.00481032026339476,-0.0205858803987243,0.00122144284449761,6
-0.00535093440708598,-0.0205702769430748,-0.000336253493569811,6
-0.00364303315198431,-0.0205007047790714,0.00113358657828751,6
-0.00593258235209156,-0.021193887614191,0.000357881094831338,6
0.0289637976039807,0.0196275836462692,-0.0304460206738581,3
0.00378937477597432,-0.0126599794212763,0.00240932293589246,6
0.00480447243522778,-0.0125741687155986,0.00308377128684448,6
0.00275529829274492,-0.0132290284853189,0.000665071657124813,6
0.0030811745971421,-0.0128876236922462,0.00106873811523099,6
0.0042848136299982,-0.0111196799719207,0.000919848508657926,6
0.0321919767998267,0.0190352589666795,-0.0114599132010702,2
0.0319662825983519,0.0189647327236057,0.00171222320689955,2
-0.00662157720871524,-0.0237099118932493,0.00166965719078528,6
-0.00663247122074137,-0.0234486020894554,0.00114848828001276,6
-0.00565417913586043,-0.0232115483817146,0.00186095584961404,6
-0.00630698189040427,-0.0235327218756197,0.00297311508832271,6
-0.006281741159953,-0.0236745210078234,0.000702158822143761,6
-0.00905696153605744,-0.0226610369259332,-0.00288693905761896,6
-0.00887886611059088,-0.0223793075356209,-0.00210090791436426,6
-0.00933317361451459,-0.0225564959501751,-0.0025819279793751,6
-0.00941308884446964,-0.0222674887295154,-0.00316001698770576,6
0.0227247371928712,0.0152873826621107,-0.027111014658418,3
0.0230868502884937,0.0146207447718339,-0.0277210077965103,3
0.0237700770877546,0.0151153742770298,-0.0275165088927491,3
0.0244088838860957,0.0154761621821967,-0.027247079690472,3
0.0228528742418237,0.0106974182630904,-0.0124779310931347,2
-0.0154934713007381,-0.00960656494182306,-0.00254135903882466,0
-0.0149264556485126,-0.0102532876416675,-0.000750313783891509,0
-0.0144133453989791,-0.0122552605548295,-0.00317077317900579,0
-0.0140178228353221,-0.0124493594975155,-0.00443103366916424,0
-0.0140529312823123,-0.012477213151687,-0.00400314039643899,0
-0.0138334056604965,-0.0138369318046877,-0.0040908788858776,0
-0.0141724875760759,-0.0128433328777221,-0.00210971470472185,0
-0.0161667174371638,-0.0113947970071162,-0.0018561732795719,0
-0.014699083670139,-0.0118466718394329,-0.00230127364409239,0
-0.0365844249758181,0.0351004213673721,0.000761108645930789,0
0.0317377008122007,0.0175353583694125,0.0266024545220228,2
0.0321857929473539,0.0170694132672098,0.0263918483313586,2
-0.00362552258400826,-0.0224915108649285,0.00465915140542699,6
-0.00415897272735104,-0.0227726188353104,0.00406400214938907,6
-0.00446588949681586,-0.0226444651756202,0.003569802890729,6
-0.00465193514828592,-0.0223193171944987,0.00567970694032778,6
-0.00451254453453468,-0.0227222156263011,0.00312265562512064,6
-0.0251442929132178,0.00836317205675181,-0.00297623000920403,0
-0.0249846067234944,0.00702018189840388,-0.00246883912445167,0
-0.0247453437102469,0.00715927689923915,-0.0022266279871507,0
-0.00853827695292377,-0.022163969798128,-0.00237320971846109,6
-0.0069743854146775,-0.0201428780123914,-0.00286659333645419,6
-0.0080956298260808,-0.0218130786306361,-0.00181422496047765,6
-0.00749625432208992,-0.0215761880926085,-9.47729885524805e-05,6
-0.0306917669883851,0.0220954517242912,-0.00174732072847936,0
-0.00687666090367782,-0.022150339127418,0.000489570202046749,6
-0.00680348512688638,-0.0232632186904785,0.000165582218162185,6
-0.00776018069994596,-0.0237776737443285,4.25750317423428e-05,6
-0.00812557595787106,-0.023042690075001,-0.000159321497053462,6
-0.0078036318390435,-0.0240167542436257,0.00198365695426816,6
-0.00770579133254283,-0.0242306788665686,-0.000354909452240931,6
-0.00777581575677791,-0.0239091284287991,8.64460977513074e-05,6
-0.00571113417892419,-0.0234945143517656,0.00278318251809391,6
-0.00603060174159115,-0.0234562015392132,0.0039706899527675,6
-0.00662185580583106,-0.0247765849255202,0.00294332166125077,6
-0.00617885727144488,-0.0240481570273272,0.00411176809969235,6
-0.00649365569340203,-0.0236163857020602,0.00272790358236529,6
-0.000731033744442508,-0.0199413470886495,0.00488393585716231,6
-0.00273296285952173,-0.0217280021667379,0.00444779533074183,6
-0.00155285648717565,-0.019677492460023,0.00352989998155895,6
-0.00548872836784481,-0.0240335158336954,0.00404654685229311,6
-0.00690098277162295,-0.0238766937424554,0.00279052967170867,6
-0.00242378221016224,-0.0202099213213287,0.00319258457410875,6
-0.00865237248150356,-0.0219315267795622,0.00131364903321623,6
-0.00819931749564553,-0.0231215271851321,-0.000567292547505472,6
-0.00762936434860151,-0.0231791444372067,0.00137556553869472,6
-0.00822808306829464,-0.0234197751961063,0.00210093253190134,6
-0.00809781449590716,-0.0239035020370816,0.00204852633041444,6
-0.00791380217862563,-0.0248605996610763,0.000809319309706447,6
-0.00754440821973573,-0.023534066234992,0.00147425715751555,6
-0.00805125650211942,-0.0231269095270586,0.00111982856929865,6
-0.00802026937053727,-0.0230129155506705,0.00144316898989084,6
0.028408369388778,0.0191536888156687,-0.0299102673303382,3
0.0296396536083402,0.0211418189904625,-0.0319956131927605,3
0.0301821510360054,0.0211461477504069,-0.0313897051760205,3
-0.00772153364513062,-0.0242790022385648,0.000717429771138129,6
-0.0080691384182544,-0.0224986255162931,0.00133972293458946,6
-0.00790889248339794,-0.0235436811530568,0.000432183468110913,6
-0.00778748158837456,-0.0218995321606374,0.00152002706756309,6
-0.00799305833253531,-0.0227826778520767,0.00103194199449966,6
-0.00814390400395381,-0.022944360731465,0.000505221645287227,6
-0.00781805166177662,-0.022530342752112,0.000583930307941187,6
-0.00775973753097925,-0.0236934607085257,0.000662918898807555,6
-0.00767018929365463,-0.023392518314738,-7.88736261968313e-05,6
-0.00826140677543013,-0.022957613328118,0.00283361979023268,6
-0.00753413287091507,-0.0239686183558786,0.000848834385899436,6
-0.00809254078312572,-0.0230321136851065,0.00202633784059204,6
-0.00912611369997406,-0.020476590131039,5.51280721621665e-07,6
-0.00824613739504635,-0.0227560232581275,3.47120360573751e-05,6
-0.00726517635203865,-0.0250690275609337,0.00154250774628764,6
-0.00867286617083254,-0.0226759760363709,-0.000150984680902211,6
-0.00769676428002889,-0.0238368488482376,0.000996482975756319,6
-0.00871734694587901,-0.0238509287793322,0.00240334110698519,6
-0.00803311144540285,-0.0232471754986955,0.0012852211050802,6
0.0294402077205081,0.0199186814745505,-0.0330121790921102,3
0.0290487632022123,0.0200753955071466,-0.0326446321534701,3
-0.00903296734750723,-0.0236857394380765,0.00173502789518109,6
-0.0434401191955904,0.0432476792375735,0.00269907634913993,0
-0.0430317372198821,0.0434896660795291,0.0026561800741455,0
-0.0431098926634983,0.042644730719989,0.00273457514325618,0
0.00295061207093964,-0.00646453206707999,-0.0066840901370029,5
0.00352590235586747,-0.0044770268199052,-0.00740395393707833,5
0.00418129272020056,-0.00473520644932621,-0.00763482483761972,5
0.00422090587959306,-0.00475317530989964,-0.00710354483512124,5
-0.0439729621620748,0.0446113517329914,0.00298466703406998,0
-0.0439289949152312,0.0444391707608268,0.00272283165369091,0
0.00615215576390774,-0.00222812935856803,-0.0079393413404073,5
0.0065384312246009,-0.00104842001244603,-0.0107277664830839,5
-0.0441494797860855,0.0446521981726131,0.00336076825929062,0
-0.0439535890579901,0.044862975741008,0.0035073135343488,0
-0.0439392920446673,0.0442146699754336,0.00390023366400562,0
-0.0444935705056479,0.0451725424399025,0.00327638346270854,0
-0.0440969812978915,0.0446441262345892,0.00364884052512411,0
-0.0437647272472617,0.0445099592597999,0.00267840569255291,0
0.00582300322387303,-0.00127176207595845,-0.0106226936705047,5
-0.00369220087738204,-0.0136370954274274,-0.00185076450771293,5
-0.00279489241907573,-0.0132018887996001,-0.00144424196982574,5
-0.0030001104630014,-0.0148636489231786,-0.00315208738229,5
-0.00363589772108343,-0.0145457369645011,-0.00180070378980544,5
-0.00543491272624119,-0.013384894283611,-0.00316088774441591,5
-0.00302125274573041,-0.0150733078813047,-0.00146314215392175,5
-0.00364270031193683,-0.0141527919480073,-0.00124242564441785,5
-0.00351116900734728,-0.0128305027998006,-0.00227924589965851,5
-0.00279700025793635,-0.0113207326046902,-0.00399295778606013,5
-0.00342941475305805,-0.0150273862317252,-0.00131985784773925,5
-0.00388663054312577,-0.0139010722509273,-0.00279916782697584,5
-0.00408049450452751,-0.0164596132577709,-0.00107175288319496,5
-0.00242988512522393,-0.0136716153177012,-0.00308559071954987,5
-0.00411954166803381,-0.0153705990271534,-0.00146539545179145,5
-0.00119364347158697,-0.0127789806638154,-0.00376333350684585,5
-0.00372393988193033,-0.0153830677139743,-0.00312201520437847,5
-0.00427951679973181,-0.0147951880299347,-0.00222366533669254,5
-0.00364375454135595,-0.0154664102382155,-0.0020880104188875,5
-0.00283847062428696,-0.0115940192266042,-0.00305947880778021,5
-0.00274953391611566,-0.0136083557828128,-0.00214648593601297,5
-0.00441399523891976,-0.0118635736044586,-0.00323748438590851,5
0.0147773865883458,0.00246643374174396,-0.0100368047310884,5
0.01397644265534,0.00095924709331817,-0.010189793510829,5
0.0146311578986478,0.00167589784369033,-0.00986621872523842,5
0.0129846404434009,0.000723478722557076,-0.0122544145624961,5
0.014075561592114,0.00162563017935226,-0.0142079813044962,5
0.0129186286279754,-0.00012010107544901,-0.00908834084307408,5
0.0141620585688489,0.000987824613188482,-0.0108393152764128,5
-0.00431247991471307,-0.0152246284028673,-0.00251256554450202,5
-0.00442346190827578,-0.0156918651713736,-0.00224210688152344,5
-0.00517311361331472,-0.0146530340826849,-0.0029476928396634,5
-0.00578472178868745,-0.0126621646018817,-0.0028379280105683,5
-0.00623159342665013,-0.0129765471914495,-0.000955162901706372,5
-0.00537613531457156,-0.0132104634560127,-0.00246877756811565,5
-0.00746095146513394,-0.0111141399873651,-0.00330098753550918,5
-0.00479183556810861,-0.0153600499460035,-0.000735535446188415,5
-0.00396876896448173,-0.0150445163354537,-0.00177510286354534,5
-0.00609014152311377,-0.0133161811326447,-0.00299625764875111,5
-0.00067787204260508,-0.0103923424971766,-0.00412092606266637,5
-0.00115964119456016,-0.0113110654112685,-0.00295259602472708,5
-0.000356453335970148,-0.0105872419760623,-0.002447171382304,5
-0.000237012105943272,-0.0113017744280312,-0.00380500775349291,5
-0.000163299284422359,-0.0126877553284122,-0.00358544391666832,5
0.000155590928476607,-0.00987331771309117,-0.00283908214085909,5
-0.000537536016612484,-0.0114879813402759,-0.00174924428191223,5
0.000920289079364838,-0.00975046573771588,-0.00401181667491847,5
-0.000308693902210677,-0.00998855375997238,-0.000682252339239244,5
-2.63103199908835e-05,-0.0125572084188298,-0.00230088508277937,5
-0.000220177900287019,-0.0126781981100887,-0.00141596870070483,5
-0.00068879289474822,-0.0131841438748422,-0.00170018011984799,5
-0.000279122272930507,-0.0124000575887433,-0.000633179859511912,5
-0.00131094879634553,-0.0142966077051968,-0.00157193789315878,5
-0.000337558283507786,-0.0118818485272808,-8.56422576608972e-05,5
-0.000398560650525758,-0.0112534629683819,-0.0020418163542186,5
0.000653191729861864,-0.0104786852800078,-0.00367577744083828,5
-0.000552366692517387,-0.013349643321131,-0.0027885320633763,5
-0.00108070796145293,-0.0138338906842224,-0.000862235098172997,5
-0.00117399093283283,-0.0131999986313888,-0.00111298212101608,5
-0.000960256346633419,-0.0131460650218687,0.00075248826584449,5
-0.000595217870602584,-0.0132642548021082,-0.000711961180461762,5
-0.000423100942538771,-0.0136270056751432,-0.00146642997867031,5
-0.000330991758746118,-0.0133566729545991,-0.00164061634873406,5
-0.000311103091636093,-0.0143416754913323,-0.00207385181719897,5
-0.00151918084701984,-0.0142594939616442,0.000337143536814632,5
-0.000629729056742394,-0.0137440078658615,-0.00143040304078111,5
0.0034512359643182,-0.00739849895408023,-0.00361002587854283,5
0.00323496580556455,-0.0082771836930898,-0.00282359739137799,5
0.00281388284999901,-0.00861845061724993,-0.00414527803732029,5
0.00271667960891831,-0.0086026671453404,-0.00299478988881519,5
0.00336628690415962,-0.0078080618036398,-0.0029950188884414,5
0.00314720299333,-0.00889405507495077,-0.00264397008821192,5
0.00347602540811285,-0.00947805460222252,-0.00268512474606886,5
0.0038438181343588,-0.00832650908447753,-0.00535034173649522,5
0.00297786936056984,-0.0085443963047723,-0.00267057904520052,5
0.0023596949334549,-0.00975044010502655,-0.00424551816999102,5
0.00343662073780128,-0.00930170312331129,-0.00360676240010258,5
0.00333405991996526,-0.00889101931799757,-0.00260007191116112,5
-0.0453578799788761,0.0474862331467006,0.00533969503037873,0
-0.0451780570931116,0.047328658657183,0.00450811607205629,0
-0.0454545087765965,0.0466666277677106,0.0047362844135668,0
-0.0451529125762065,0.0475885902613796,0.00481075882316728,0
-0.0452378549950523,0.0477530526155114,0.00369127020976243,0
-0.0461373250204266,0.0478247689619867,0.00423496616011144,0
-0.045532446056762,0.0477834138671422,0.00529011169953207,0
-0.0456914877417862,0.0479914636545851,0.00503498743085341,0
-0.0454248138185485,0.0476216509081126,0.0047727438380483,0
-0.0453292908002569,0.0473518293635172,0.00365442422636741,0
-0.0454708048933252,0.0475559472638261,0.00430400686317581,0
-0.00681604627185214,-0.0235715357093645,0.00296437753454059,6
-0.00644238630233571,-0.0232691629754509,0.00291294315056296,6
-0.00697577130079289,-0.0238166466420079,0.00248613116051226,6
-0.00669474406924207,-0.0238127318753066,0.00130221400373087,6
-0.00637576297491549,-0.0245693256530868,0.000325266906894185,6
-0.0074122799516213,-0.023881752354526,0.00193520558689273,6
-0.00618498720358336,-0.0236776527273775,0.00366544734011777,6
-0.00690864697316316,-0.0228857831216636,0.00187360560263628,6
-0.0074444355670827,-0.0242235711157212,0.00134212444384682,6
-0.00647191045996698,-0.0231659588175077,0.00234931987290058,6
-0.00750590333419129,-0.0229038167775934,0.000637587381366337,6
-0.00718557494537721,-0.02396822158579,0.0013492051575896,6
0.010490237457314,0.0140944402255687,-0.0235937462782192,4
0.0104952338436932,0.0134612578481775,-0.0234629153844125,4
0.00970924396832056,0.0136977126771653,-0.0236989926206673,4
0.0102610489015324,0.0139687270029506,-0.0229871012525383,4
0.0101680651620569,0.0134653053489084,-0.0228457894716014,4
0.0104144830499142,0.0132874224959489,-0.0239068683811539,4
0.00949468838600073,0.0130821358595006,-0.0221776689311488,4
-0.00941198642097955,-0.0216420355260004,-0.00245352952598863,6
-0.00950295872436582,-0.021120902058146,-0.000983500931068023,6
-0.00939918526424372,-0.0201620178672691,0.000883286428194717,6
-0.0101136200044451,-0.0202217874005519,-0.00251741825440398,6
-0.0103034771208565,-0.0205810347330998,-0.00252105718194702,6
-0.0100716118583391,-0.0207123964548429,-0.00321998902095023,6
-0.0102117291219178,-0.0205589281624395,-0.00126270437009259,6
-0.00993602777892085,-0.0202928072149236,-0.00227037749254961,6
-0.0099336587157316,-0.0212837739010648,-0.00140235915345541,6
-0.00964370130431706,-0.019697340909791,-0.00189846669356354,6
-0.00994144346847957,-0.0211179111874544,-0.00118557121844413,6
-0.00976206093998968,-0.0200828168354131,-0.00147239196192142,6
-0.00931944187141469,-0.0203986943539313,-0.000418177980328708,6
-0.00977328869522481,-0.0207378765214908,-0.000758251069872588,6
-0.00954142999914066,-0.0207893466058031,-0.000722244101397872,6
-0.00925039950944787,-0.020606882416795,-0.00134666671037119,6
-0.0100839769687066,-0.0204012173185632,-0.00211779338045094,6
-0.00877624218890416,-0.0210104455697743,-0.00394587702035777,6
-0.00935956129055316,-0.0211301510793535,-0.00279093574635381,6
-0.00973657601944386,-0.0204005107937713,-0.00127906074246501,6
-0.0126294997080842,-0.0181525187728458,-0.00393296985952527,6
-0.0125786300312562,-0.0179360499126597,-0.00351850917630701,6
-0.0125672207428682,-0.0185435591516692,-0.00398403922064696,6
-0.0124529408581403,-0.0156421231110297,-0.00198732082493836,6
-0.0116214290177359,-0.0183461651689208,-0.00537708676251554,6
-0.0127573424335357,-0.0168021296713984,-0.00297223052315551,6
-0.0122027448770687,-0.0158223998119899,-0.00185638400063313,6
-0.0136204224245567,-0.0170453210576827,-0.00314669570232394,6
-0.0115452236956109,-0.0167738313717261,-0.00215253024111504,6
-0.0121671376332142,-0.0147846548835183,-0.00378466985533504,6
-0.0129716380422267,-0.018582058520838,-0.00405981728971787,6
-0.0140077226625152,-0.0130012401002932,-0.00162257379455035,6
-0.0128871282419012,-0.0173666948320378,-0.0018933346132507,6
-0.0144708307604062,-0.0128512132525285,-0.00178748686950613,6
-0.0140807152951445,-0.0116621272033853,-0.00257468230100772,6
-0.0121338693941699,-0.0170898689636134,-0.00346956329840465,6
-0.0114049921522294,-0.0165243042015575,-0.00206203913914794,6
-0.0162010785710248,-0.0107874259384179,-0.00125147421051611,6
-0.0118354371730924,-0.0173564886393341,-0.00402532553510811,6
-0.0115158102282833,-0.0179431304429762,-0.00196689939503169,6
-0.0117775284746325,-0.017613394664755,-0.00350430944803362,6
0.0139416844774024,0.0144370654534343,-0.0259740523454141,4
0.0135497967070882,0.0147640765184984,-0.0251069843781745,4
0.014195944020877,0.0147057996188004,-0.0255123469035731,4
0.0141345193813108,0.0143770655386445,-0.0246606140232477,4
-0.00874180245236328,-0.0248859611837519,0.000762733273059397,6
-0.0095075200729195,-0.0247326776134417,-0.00101143763689956,6
-0.00947995694992023,-0.0258139726586426,-0.0036032951526324,6
-0.00946054138215432,-0.0245508352683063,6.73080905254116e-05,6
-0.0107015747369928,-0.0180911881801518,-0.00205283419712728,6
-0.0114454535935621,-0.0180888950149203,-0.00172771320700746,6
-0.0124385677178837,-0.0146106591419059,-0.00214548941525438,6
-0.0118067888702171,-0.01745490413435,-0.00307526991750459,6
-0.0118833562412295,-0.01549262318329,-0.0010317459879408,6
-0.0112577433516047,-0.0175426449530205,-0.00182497716284832,6
-0.0108735484035864,-0.0182101398401306,-0.00164584260978363,6
-0.0115892606500187,-0.0182042069883172,-0.00355442237778794,6
-0.0113594914370563,-0.0181128713788616,-0.00258929283032377,6
-0.0120315494922168,-0.0177274045898722,-0.00103135646135935,6
-0.0119029147587323,-0.0180372102222572,-0.00246469413412761,6
0.0315588699588016,0.015568490884927,0.0874654059275318,1
0.0238877498076998,0.0160477274480108,-0.0276953139223868,3
0.023108711029579,0.0158308945804192,-0.0274561439735859,3
0.0244170610598114,0.0176361792929583,-0.0279651492122225,3
0.0252438248003724,0.0167720585356624,-0.0294123633926549,3
-0.0114806546086506,-0.0169281234775349,-0.00302757175115972,6
-0.0108519539996219,-0.0178972278451803,-0.00347237087218709,6
-0.0113549134994869,-0.0181099459978918,-0.0031878717619049,6
-0.0112665451885119,-0.0179780894757131,-0.00161119820784987,6
-0.0120693516688759,-0.0187804585485582,-0.00193352323341493,6
-0.01145981818753,-0.017042514000397,-0.00417038946144908,6
-0.0112053002924801,-0.0174165095050651,-0.00259620167844899,6
-0.0123816191227671,-0.0152264922748684,-0.00135619484480613,6
-0.0117848740554895,-0.0164989978801696,-0.000900696758738024,6
0.0316358619711316,0.0212745557306721,-0.0269476506419191,3
0.0317784694337118,0.0217487043711883,-0.0254348338165875,3
0.0307069975033878,0.0205899656198191,-0.0261394383669631,3
0.0311020013161365,0.0213313059165595,-0.0268166705581544,3
0.0319380641296258,0.0210223308073418,-0.0268035049789325,3
0.0313467170491272,0.0210067769373671,-0.0282989229380527,3
0.032463491137185,0.0224293845264668,-0.0278694199297638,3
0.0312621467845253,0.0206721465364349,-0.0261327038719792,3
0.0317232030623472,0.0216277362085094,-0.0272745261952714,3
0.0314393396831952,0.021554615909528,-0.0250699963476927,3
0.0317339469834313,0.0209526417879726,-0.0248114331861745,3
0.0321553187082634,0.0211402865768222,-0.0266686385123243,3
0.0313822157408762,0.0210389355577419,-0.0261231500161401,3
0.0318326325546858,0.0214953687739089,-0.0311810656221894,3
0.0315542488205827,0.0219960896586164,-0.029124138625838,3
0.0314592495843304,0.0217653130201466,-0.0308080090625236,3
0.0301220630169366,0.0222539046612616,-0.030293550627046,3
0.0316843849128246,0.0210502254429941,-0.0279630096859949,3
0.0316114788204578,0.0208701585433775,-0.0310871611858159,3
0.0134181880066141,0.0142813977207334,-0.0249551185575618,4
0.0314874392764889,0.0212422280474671,-0.0269752252449433,3
-0.00610489652393066,-0.0223261330005949,0.0048315304867338,6
-0.00592937385002867,-0.0235873888759321,0.00522812662461792,6
-0.00625871188008183,-0.0233881709767691,0.00550864629953518,6
-0.00604105460626589,-0.0235148140127007,0.00595694979975075,6
-0.0054293134066645,-0.0237547325953101,0.00394560091335041,6
-0.0060311971404693,-0.0239178500746867,0.000937061049093182,6
-0.00660546543019343,-0.0237083447702605,0.00333583803268317,6
0.0306174696273075,0.0212852439186571,-0.0311913671344113,3
0.0316129796205024,0.0218242693839269,-0.02780897420951,3
0.0308160760691297,0.0213040197314562,-0.03024923632899,3
0.0318689191022666,0.0221410891636956,-0.0315779526503563,3
0.031099602511368,0.0217049403603574,-0.0314839795409602,3
0.0313285006255748,0.0213316378251082,-0.0276695190929432,3
0.0321186697254007,0.0144693781574007,0.093806824449552,1
0.0321155814773619,0.0152204204434693,0.0965455184963227,1
0.0329474596361447,0.0161593019705767,0.0934604136260926,1
0.0327042099863671,0.0155036834628761,0.0971243399735388,1
0.0312834642960748,0.0143909486978088,0.0846010411992123,1
0.0310112118673709,0.0152669905661759,0.0858401991737055,1
0.0284678052513555,0.0145118700847202,0.0833701734348469,1
0.0281007789622028,0.0116888130958315,0.07844988412478,1
0.0293480273674193,0.0135509917044109,0.0821680696613861,1
0.024814455583702,0.0119847372863505,0.0742052536485086,1
0.0298140076335038,0.0135617345014911,0.0827617996500695,1
0.0299432480282158,0.0142696880387742,0.0866447519106309,1
0.0268385122111984,0.0107119964311022,0.0758832877772528,1
-0.00225903372978535,-0.0205490687764817,0.00277416355760621,6
-0.00165792574289273,-0.0198217175068805,0.00426872341119832,6
-0.00200666942367548,-0.0195170731852349,0.00316498635120861,6
-0.00268058816106773,-0.0196076675197117,0.00549798440523806,6
-0.00166589074423281,-0.0198573301314074,0.00369254696195968,6
-0.00152355228583162,-0.0193967986130994,0.00361699081326209,6
-0.000708027091470908,-0.0178838563948201,0.00354540326028544,6
-0.00185329445040285,-0.0198485443647057,0.00419069974733861,6
-0.00217733887096342,-0.019597152408516,0.00521011120918288,6
-0.00160826591741263,-0.0192881049675206,0.00408478973254706,6
-0.00204894273709354,-0.0201729519563324,0.0036639877505481,6
-0.0428758134671748,0.0427028720506649,0.00293234308590572,0
-0.0431951459056121,0.0426129439593101,0.00229625200037456,0
-0.0432753519691165,0.0437642559182619,0.00352694286998216,0
-0.0430678312124094,0.0432904104663216,0.00130234428116781,0
-0.042586599606744,0.0421260539599169,0.00395318646466587,0
-0.0436680802054242,0.0446348809358919,0.00304979530166023,0
-0.0433208540638716,0.0438230832212287,0.00434000263887176,0
-0.0438600181854149,0.0443601778174613,0.00486824591481934,0
-0.0432918210108037,0.0439214016256135,0.00428272677922089,0
-0.0437714727225794,0.0451986587944734,0.00223383843982946,0
-0.043558108188256,0.0439943581993189,0.00353322922389885,0
-0.044432358250497,0.0445912298456147,0.00173619360331301,0
-0.0433991345687162,0.0445313003211313,0.00561544069935236,0
-0.0440328967821029,0.0450062257726071,0.00139500883397337,0
-0.0440444608746927,0.044675219658109,0.00255263992554154,0
-0.0437125132418614,0.0442525499032662,0.00285300677475915,0
0.0289574191949384,0.0161843242309437,-0.0154091978061133,2
0.0260718410229015,0.0129053258734689,-0.0128142822264708,2
0.0288473472840006,0.0156480950075669,-0.0139313818023849,2
0.0286068894291305,0.0157887025214407,-0.0146006208434029,2
0.028352129111441,0.0168694568096824,-0.0141925051789233,2
0.0300934182402088,0.0160546261745268,-0.01469444843185,2
0.0289702096532056,0.0167794918071092,-0.0141864113368208,2
0.0276751096773698,0.014894539817882,-0.0136689460129876,2
0.0272930717624281,0.0138501900279507,-0.0130527441926995,2
0.0264778300030242,0.0133082772381846,-0.012148027757772,2
0.0313631496119557,0.0207135640321173,-0.0321826746341116,3
0.0322454410787969,0.0220588320665811,-0.0309468897913356,3
0.0311852275099691,0.0217138076838391,-0.0306587989529175,3
0.0315539344237929,0.0216966006971882,-0.0311970297918981,3
-0.0449871362685531,0.0479963971770037,0.00405862918647394,0
-0.04590496360066,0.0479252896159865,0.0038269263159508,0
-0.0458410158902601,0.0467324945407857,0.00400500380447973,0
-0.0442271591725638,0.0456858634218476,0.0031088465279454,0
0.0328164523546359,0.0158679263948667,0.0967836965180763,1
0.0323817464181282,0.0153176364656698,0.0973885201781149,1
0.0324425478432564,0.0150748322235197,0.0970521283633165,1
0.0322220555441666,0.01558379245079,0.0982316516335318,1
0.0323866834002835,0.0158511638849499,0.0974939930616538,1
0.0331859305773277,0.0165182262239448,0.0953231235722575,1
0.032189562146529,0.0221896802692027,-0.0307862788525589,3
0.0313984790779322,0.0206782247009304,-0.0295443548535429,3
-0.0433898897670764,0.0439989262579992,0.00169276732914406,0
-0.0427353424425505,0.0438491169536698,0.00349333468085062,0
-0.0439176158025423,0.0447374332460203,0.00277477575986434,0
-0.044020518778848,0.0440717712422796,0.00299506879819312,0
0.0307833114943529,0.0142557980043053,0.0819728506818832,1
0.0320865864004807,0.0153512080133505,0.0865045619143619,1
0.0315721015872803,0.0157043794388031,0.084124489160315,1
0.0303880852346172,0.014790805090812,0.0819633815454074,1
0.0292199908783494,0.0136395093707869,0.0805203838386698,1
0.0313736278998215,0.0155527815846956,0.0850530850837764,1
0.0308080296144995,0.0139118872469968,0.0823339370115666,1
-0.00994082104324572,-0.0251546062752141,-0.00218108454709379,6
-0.00925610658058208,-0.0248955234678418,-0.00090053377048899,6
-0.0104950413146362,-0.0253443700976558,-0.00242266815690231,6
-0.00967621859040541,-0.0250733044675814,-0.000911969213438958,6
-0.00979588451126004,-0.0251279148889025,-0.00169624971230309,6
-0.00866208062088333,-0.0248049644848007,-0.000101721269246963,6
-0.00949634329974374,-0.0250608545323409,-0.00200015588716221,6
-0.0102176529335353,-0.0249057792260992,-0.000642881964340237,6
-0.0090674451331515,-0.0247650991944934,-0.00128235386857093,6
-0.0454565075839897,0.0478266366960547,0.00498478654628686,0
-0.0453994149935131,0.0475401771450966,0.00545653692963625,0
0.031290577676944,0.0214278514440292,-0.030970549661347,3
0.0312101452621695,0.0215637485611986,-0.0318122271110688,3
0.0308451746326737,0.0211786576428451,-0.0291255649263732,3
0.0311958206057486,0.0210360185625304,-0.0313483051424243,3
0.0314843499783743,0.0211336980139048,-0.0309641786038416,3
-0.00834871093632518,-0.0248930531649644,0.0011538873384367,6
-0.00797852526022945,-0.0238395569152285,0.00180830383592336,6
-0.00806536160756389,-0.024048978361295,0.00068623844578721,6
-0.0077503782656973,-0.0238368160596987,0.001164554077829,6
-0.00834129106067211,-0.0239559765928972,-0.00052122022382111,6
-0.00816952473471033,-0.0241381483283656,-0.000906650390357907,6
-0.00715552357027215,-0.0230413436843432,0.000663392124755084,6
-0.00801492551373816,-0.0241872578529869,0.00122202703535271,6
-0.00706616460295451,-0.0236848762390087,0.00166456762342071,6
-0.00825017640039091,-0.0245952668095815,0.000410779759732631,6
0.0301384741785796,0.0207994948324076,-0.0281607036588049,3
0.0301329552937926,0.0207303383079295,-0.0278469458968748,3
0.0299155058418325,0.0212093294174515,-0.027288429494567,3
0.0308561504782468,0.0204454438419686,-0.0291043714551461,3
0.0310476748497016,0.0213533876547864,-0.0299186472729544,3
0.0304719666192747,0.0211489131534638,-0.0308448327463543,3
0.031159602390292,0.0216560582669237,-0.0317936802921872,3
0.0313532177756901,0.0216385445380134,-0.0314741556475556,3
0.0313738250779049,0.0213817610727414,-0.0299289981125365,3
0.0309503916265598,0.0215279843848154,-0.0313305190145034,3
-0.0429938384290386,0.0431753576289111,0.00214344570364331,0
-0.043330464407268,0.0438167286622978,0.00219157296112325,0
0.0311068136555534,0.0203386439279098,-0.0247203675863158,3
0.0319179825758527,0.0196171781495491,-0.0187532602111041,3
0.032020261030048,0.0198080305653403,-0.0211592736404195,3
0.0325195443436602,0.0201142498943572,-0.0146264377918192,3
0.031658451119535,0.0200506643612911,-0.0241838309273232,3
0.0298572585300893,0.0192591352307886,-0.0226781980806487,3
0.0304579050143044,0.0187659768504503,-0.0240219705361013,3
0.0314965071293902,0.0199656349341689,-0.0226925811768871,3
0.0305951594795261,0.0196612305904584,-0.0232141623724388,3
0.0303701415410615,0.0192747138493018,-0.0256002462925679,2
0.0298980849479489,0.0188002981430639,-0.0236736391831081,2
0.0294420993823853,0.0199514778375135,-0.0227166551998344,2
0.0310712207307754,0.0202112977369335,-0.0201877762761581,3
0.030355089919029,0.0195160883731815,-0.0227742310359253,3
0.0316939287239949,0.0201016408390234,-0.0203505860467402,3
0.0320182126838496,0.0208680166152651,-0.0213352402102378,3
0.0315646012808392,0.0199923719715493,-0.0253620429444345,3
0.0290021553736291,0.0184080572881279,-0.024668073403286,3
0.0296625144434978,0.0187542615072719,-0.0240935968496132,3
-0.0178407977987717,-0.0085145847799543,-0.00163238437556405,0
-0.0165816417916806,-0.0100643299778544,-6.31465158111664e-07,0
-0.019656784749708,-0.0055684008682923,-0.00238273757644192,0
-0.0175319623202396,-0.00674316111406129,-0.00305448446581758,0
-0.0161048154792003,-0.0112520996096785,-0.00315323669891278,0
-0.0180207856611711,-0.00849828645945737,-0.000604626584813898,0
-0.0173635230117279,-0.00903284863621694,-0.00295231265161972,0
-0.0174627909277063,-0.00907097402731738,-0.00132329186188055,0
-0.0178891780757489,-0.00767237396387501,-0.00228211846368665,0
-0.0178020276142279,-0.00765734271883158,-0.00284574837115297,0
-0.0176384951831773,-0.00985834115693177,-0.00335669995202678,0
-0.0431390260910911,0.0438771682236039,0.00200081717851869,0
0.0303331259604615,0.0207274573976612,-0.0263630528083148,3
0.0313409202619251,0.0204172541914741,-0.0267941029773415,3
0.0307301087029654,0.0203347608186833,-0.0281450109327577,3
0.0301757680548654,0.0206968841277119,-0.0290484927430507,3
0.0302111292910656,0.0204965567223949,-0.0282339834421859,3
0.0119627633048424,-0.000903293766120749,-0.0100468229893748,3
0.0145253314145082,0.000328448584283187,-0.0101867309791782,3
0.0129970977367382,0.000634997258763138,-0.00992233460108759,3
0.011527219905368,-0.00141663135958933,-0.00997084954037124,3
0.015261491543862,0.00343752195432768,-0.00945390531708066,3
0.0299069881639736,0.0209235551287871,-0.0316133960774743,3
0.029611988631467,0.0209869862174878,-0.0330223145248632,3
0.0296071641057389,0.0205016758840768,-0.0326319833462907,3
0.0300752552732622,0.0204927199014167,-0.0321369528395699,3
0.0300629377703853,0.0206499266093571,-0.0313557679249012,3
0.0297861628623704,0.0213773069140982,-0.0325139880621467,3
0.0292359230431917,0.0196332388813834,-0.0306399888279424,3
0.0292659942203597,0.0208036649893686,-0.0308618221567694,3
0.029382662943003,0.0211070596919544,-0.03032706088868,3
0.0314078540530487,0.0210917795033178,-0.0323552229702102,3
0.0313294112664372,0.0217496423847904,-0.0307490124934119,3
0.0319973805153914,0.0219472250067282,-0.0309366611733003,3
0.0318440448871568,0.0212012398675334,-0.0293044869883924,3
0.0315211753222208,0.0216072921397068,-0.02868502173641,3
0.0302469218574505,0.0203288948463452,-0.0286934720592435,3
0.0301805089216407,0.0209233215654485,-0.0291449043023732,3
0.029846740238713,0.0202112266249644,-0.0283297709028467,3
0.0307128039505205,0.020081106145029,-0.0305257735389834,3
0.0297075785845787,0.021173174104857,-0.0267192882309117,3
0.0276066087098879,0.0180220818206814,-0.024421970899524,3
0.0277658225912463,0.0168471004344591,-0.0241075350061946,3
0.0291119633089259,0.0186877008349923,-0.025636030246847,3
0.028679437769901,0.0190086370035905,-0.0255832137170475,3
0.0282112093084727,0.0181491975455226,-0.0236217238390716,3
-0.00735097409476528,-0.0247056727896971,0.00143472780290023,6
-0.00695527068056943,-0.0247128415554597,0.0014017118577066,6
-0.00784412586295886,-0.0245966070571552,0.00166644030562295,6
-0.00760471414999842,-0.0247539672039637,0.00165695243425092,6
-0.00751944552073738,-0.0242357168173652,0.00416497381742027,6
-0.00725999207678817,-0.0250648707005686,0.00252034823158942,6
-0.00720706207569951,-0.0237272695075921,0.00223524893397878,6
-0.00759864403606103,-0.0251200212682407,0.000911592114071734,6
-0.00760686978214646,-0.025893348476732,0.00162471943079523,6
-0.00772025330209335,-0.0248810909209057,0.00159580294258265,6
-0.00621282309221889,-0.0211352463833574,0.00023881801766102,6
-0.0044684663011344,-0.019943990482663,-0.00163249906557212,6
-0.00575162416808888,-0.0206873600477043,0.000563517490293352,6
-0.00377595355536871,-0.0193267000966742,-0.000759817113325052,6
-0.00575736002498397,-0.0201602004536382,0.000293099532262032,6
-0.0050048996615065,-0.0201729498908575,-0.00020013051099465,6
-0.00580687932551165,-0.0211343584351171,0.000885694629875159,6
-0.0421996725906406,0.0430664054054401,0.00261848513420655,0
-0.0418751414758614,0.0424784116702371,0.00238447269523216,0
-0.0412444804047441,0.0415873806654552,0.00233476289622234,0
-0.00575826559143591,-0.0228652115496264,0.00306853013397912,6
-0.00541169631284222,-0.0232113066187373,0.00403318574420964,6
-0.00526702874778266,-0.022644101993299,0.00390527007704038,6
-0.00590350722399589,-0.0232003791622119,0.00217090555998304,6
-0.00638432892910138,-0.0235247236008467,0.00189660366837842,6
0.00959184545235615,0.0127224864068448,-0.0200065237000439,4
0.00978431650670489,0.0127004810138829,-0.0221463509742571,4
-0.00564073452814393,-0.0178280562938257,-0.003011633084534,6
-0.00626613434239155,-0.0169015066581188,-0.00101173436451398,6
-0.00569876164820052,-0.0185272884502551,-0.000956433274447478,6
-0.00668618307434518,-0.018334204014128,-0.00176523685154973,6
-0.00899094026637764,-0.0215406750018449,-0.00357662805922251,6
-0.00787119320718129,-0.0209045901828202,-0.00185142357536428,6
-0.00913436055813907,-0.0211758846762902,-0.00399403590153117,6
-0.00831403473463003,-0.0209965917265274,-0.00311348802490369,6
-0.00942527303275827,-0.0216607345723297,-0.00162952319135005,6
-0.00907465169685586,-0.0211115827320904,-0.00235771304711795,6
-0.00923428712948444,-0.0204738132355524,-0.00237605736126119,6
-0.00642874307100156,-0.0202179163701219,0.000177332919241926,6
-0.00427732709335003,-0.0194336083214733,-0.00371015841407717,6
-0.00520406295131453,-0.0198707428605175,-0.00263232894014798,6
-0.00637785226209998,-0.0192595025408666,-0.00240791648900167,6
-0.00366202134437899,-0.0200768505136477,-0.000909505921559508,6
-0.0103094565787902,-0.0175403098246989,-0.00265897970811577,6
-0.0112012122381681,-0.015782995254178,-0.00323843715704179,6
-0.00944087395328995,-0.0162869482739744,-0.00240378777043325,6
-0.0111352611023409,-0.0171099779632346,-0.00219070795123903,6
-0.0100761319205929,-0.0166165820129147,-0.00320533548271192,6
0.0254834362239442,0.0125288118948039,-0.0166896053189241,2
0.0249377746655564,0.012686456145196,-0.0161740430145113,2
0.0264117254341479,0.0137842091807696,-0.0161747596730659,2
0.0249820238728116,0.013580693362015,-0.0180528831429402,2
0.0239485471657775,0.0108829130027504,-0.0139285722942205,2
-0.0049332750671173,-0.0180700774272836,-0.00334526568581752,6
-0.0048177620297798,-0.0188941202166068,-0.00285840607133092,6
-0.00668512345034926,-0.0201995451401791,-0.00284288925065479,6
-0.0061971231142303,-0.0200293431200179,-0.00182530856523238,6
-0.00547546985131041,-0.0191656332987038,-0.002725608347927,6
0.0315451373187128,0.0179932927641799,0.00468606076002662,2
0.0315797319806771,0.0178583099400989,0.00271975558085003,2
0.0311570871296024,0.018358388958864,0.00561656086077757,2
0.0311795458958466,0.0178676383810859,0.0065742954597301,2
0.0313187145098715,0.017501048001606,0.00649272110276605,2
0.0325607625355814,0.0187074900159126,0.00273954140195446,2
0.0312194498452844,0.0176132249259278,0.00606431088151622,2
0.00158473199630032,-0.00744449450258752,-0.00751209733016584,5
-0.00228848326912428,-0.0127337439680007,-0.00428454757319533,5
0.00144488211594746,-0.00772782083969409,-0.00518988673977847,5
-0.00369495372789859,-0.0187660445133746,0.000237440651099912,6
-0.0043472130190133,-0.020120701346016,0.00105516179703253,6
-0.0040936126098716,-0.0182917386831188,-0.000405350352073369,6
-0.00531164791555499,-0.0195838969821669,-0.000319337428091135,6
0.019176202270992,0.0109700151758279,-0.0190745727767675,5
0.0223566886094198,0.0130558733248355,-0.0205197493982386,5
0.0238396023904208,0.0156290157176238,-0.0243440763860391,5
0.0188063781415506,0.0101590956331648,-0.0196466610003171,5
0.0202130028295373,0.0133925820926398,-0.0213944459568345,5
-0.00948195094993854,-0.0194189065525086,-0.00247742148965098,6
-0.0124135733127977,-0.0155545240739444,-0.00304634522045672,6
-0.0075198327826338,-0.0172191714445905,-0.00272764036515721,6
-0.00793272868728807,-0.0185321991386237,-0.00159210095761479,6
-0.00557977055177963,-0.0211864555329833,0.00175147062489161,6
-0.00521394261526321,-0.0206066062804092,0.000586171412672127,6
-0.00520912657552822,-0.0205873187202986,0.00196622293395751,6
-0.00545469239372867,-0.020925214026575,-2.93703222253426e-05,6
-0.0100837003146007,-0.0199468675187106,-0.00294371199520132,0
-0.0105206894283477,-0.0189425111953487,-0.00222052274400543,0
-0.0111792472452768,-0.0198530208952419,-0.00344735881782774,0
-0.0105306752060214,-0.0198479035927421,-0.0026623377735914,0
-0.011727505504206,-0.0195016934816601,-0.00207317157523301,0
-0.00419039616941223,-0.0226230295665106,0.00460469625419216,6
-0.00483606473022627,-0.0237837082822863,0.00524980588477897,6
-0.00503676308784454,-0.0233407082773136,0.00602440201088597,6
-0.0057418771104486,-0.0238230260509,0.00463112753789555,6
-0.00469752257408153,-0.0239057925593151,0.00401162800753317,6
-0.00869088137660885,-0.0217445080273687,-0.00108704091405271,6
-0.00877053884205976,-0.0211522576823249,-0.00174471050011796,6
-0.00885949817915263,-0.0210544894289315,-0.000597200562215513,6
-0.00928089332517769,-0.021694679880723,0.00106048732926988,6
0.0136295018845077,-0.00181288578884519,0.00133053561677145,2
0.0157421170822706,0.00118281864874959,0.000367331960923972,2
0.0173264415114137,0.000619960598211001,0.000856771949134533,2
0.0157431802631855,5.03908042120878e-05,0.000517475768820241,2
0.0323231950621318,0.017908147212822,0.0156593853754111,2
0.0320147749054313,0.0178193882154188,0.0158568014503522,2
0.0327069184331182,0.0182033288947906,0.0167099421159773,2
0.0319798276271996,0.0177406931009518,0.0153533303801224,2
0.0321358009075658,0.0176729818833912,0.0213383186685066,2
-0.00734408724282122,-0.0229771629621823,-0.00225201849253711,6
-0.00792408219566547,-0.0226276594514699,-0.00187542724693024,6
-0.00761013061477581,-0.0224984915584637,-0.00135552139646515,6
-0.00730409640605234,-0.0221775741398454,-0.00266555057461127,6
-0.00775582510135824,-0.0230521460589974,-0.000536707564101446,6
0.028027953288393,0.0115664442051049,0.0769681580341391,1
0.0301432032931894,0.0143390674565781,0.0827403708737747,1
0.0303755957181408,0.0152868118602567,0.0844111053214288,1
0.0295903990757929,0.0142285219864382,0.0854193888204893,1
0.0286897847293245,0.0144860617533775,0.0809670723064151,1
0.0319633807441392,0.0149448892401388,0.0867564859748123,1
0.0327147727214305,0.0148275841399836,0.0893239483078026,1
0.0314089540126272,0.0154916379713114,0.0879379144119213,1
0.03249643077535,0.0158324628782177,0.0861257618515669,1
0.0317497942860537,0.0149275197618854,0.0875289961105894,1
-0.00308877102576659,-0.0202441400324125,0.0036025931596905,6
-0.00142779710210202,-0.0199184004241505,0.00320608700747117,6
-0.00198918805116758,-0.019517431826233,0.0029234103500112,6
-0.0018153314727184,-0.0197073500848066,0.0031117448946275,6
-0.00255733242328182,-0.0206234649559542,0.003778753932117,6
-0.00991792727344624,-0.0209879782111908,-0.00131967160582938,0
-0.010365612650577,-0.0199394411181461,-0.00348089214774246,0
-0.00968880641843588,-0.0193949059625715,-0.000415643177839268,0
0.0267625062852698,0.0106546954675847,0.0761240663974644,1
0.0265632329105841,0.011087625049776,0.0753941931814539,1
0.0287803983576623,0.0121028470010875,0.0795392356180644,1
0.0305155781347156,0.0214479074619062,-0.0332498125002639,3
0.0302652907380252,0.0215114278467564,-0.0343653160806254,3
0.030266250880648,0.0209554006219233,-0.034232091705987,3
0.0306113867103708,0.0220730512112068,-0.031974620752973,3
0.0311264322577033,0.0209263798336211,-0.0323973544268127,3
0.0302670878938136,0.0218985996946279,-0.0333406801948357,3
0.0308351114920136,0.0217096938286741,-0.0319513957342388,3
0.0306993199019505,0.0213601886518791,-0.0332133431373916,3
0.0304668964093981,0.0208548047134661,-0.0352283433154174,3
-0.00560637730439992,-0.0205288218855504,-0.000322663211348512,6
-0.00655102398874475,-0.0231820330388646,0.00240397816770074,6
-0.00609324950898852,-0.0228980467065618,0.00322068570634384,6
-0.00565409272048873,-0.0233983552121685,0.00193763808067564,6
-0.00543759169292296,-0.023579974391484,0.00287402481563714,6
-0.0053042313453287,-0.0232255084251329,0.00362635197555518,6
-0.00583322974881112,-0.0236271329317038,0.00192831626288698,6
-0.00633761962881501,-0.0241726293287902,0.00268614190815861,6
-0.0057528782632088,-0.0244375800351231,0.00331796636134349,6
-0.0059425373847658,-0.0236611678338376,0.00337372624603004,6
-0.00595808917312958,-0.0231223816548114,0.00476561026419616,6
-0.00579424656783792,-0.0239055470755899,0.00496466019730438,6
-0.00592250259145598,-0.0240610643262272,0.00201041799413738,6
-0.00625457556897363,-0.0244429332224008,0.00374187875552176,6
-0.00497606276670801,-0.023386523233481,0.00464251409103767,6
-0.00527127308554913,-0.0236262616328863,0.00399369751182142,6
-0.0051659771429595,-0.0237814166729038,0.00453134187732428,6
-0.00830548232148561,-0.0226849751174895,-0.000671661537217854,6
-0.00844957343228613,-0.0241688948159574,-0.00351743978533394,6
-0.00862559166901123,-0.0233351122886925,-0.00302404804253972,6
-0.0442315546476267,0.0445609233947866,0.00257766329782337,0
-0.0447476346759948,0.0449907800845932,0.00357282030681955,0
-0.0442648562780467,0.0449711753208895,0.00419989140302021,0
-0.0438991693973964,0.0442764457711925,0.00427911093541888,0
-0.0436872885557317,0.044070370137444,0.00427174038091567,0
-0.0435035419002527,0.0440985468510522,0.00448241097427662,0
-0.043815324636171,0.0444344533397749,0.00394568799890711,0
-0.0435949590895634,0.0447203701157888,0.00339281815407514,0
-0.0449889601085677,0.0447451358096388,0.00292473671872,0
-0.0424271720491202,0.0427317322935538,0.00212643414331978,0
-0.0420881856897101,0.0409379747993323,0.00249331578276245,0
-0.0423946579008257,0.0416756203679488,0.00328436748937439,0
-0.04098752981027,0.0402284190129066,0.00189436442561178,0
-0.0432260455256234,0.0443321684220306,0.00331273997909886,0
-0.0442099661725502,0.0449265178467367,0.00386477629988998,0
-0.0438239022883901,0.0443543589649922,0.00433529874992983,0
-0.0441733966587147,0.0448556006252372,0.00287244687364394,0
-0.0436522703429526,0.0439259901088479,0.00201458746727678,0
-0.0443409653808041,0.0444874033393842,0.00370396366439298,0
-0.0445612177527107,0.0440515633884097,0.00289848832693774,0
-0.0444408368262095,0.0442440396885572,0.00426484376602383,0
-0.0436242295610813,0.0446467719540113,0.00381770555283507,0
-0.0437567671488328,0.0441675861594365,0.00256352358428719,0
-0.0441859105587538,0.0444933036639063,0.0041640778479466,0
-0.0438200069806796,0.0443932306418582,0.00423488072012779,0
-0.0432323654665572,0.0449808758465766,0.00288700825811272,0
-0.044307099084132,0.0443017809221002,0.00253398943410853,0
-0.0436376030777649,0.0447687715091591,0.00253621379444683,0
-0.0443200100354455,0.0447551383127513,0.00271865856066282,0
0.00177994140572807,-0.00845412684396879,-0.0046968306178715,5
0.000979743327196065,-0.0108656034765148,-0.00246680676697291,5
0.00182702561842257,-0.00843212323657092,-0.00389997181673024,5
0.00139565408568139,-0.00883463484763508,-0.0034537503568739,5
0.00185966741146882,-0.00861143462453937,-0.00496178688535718,5
0.00283913100928993,-0.00606515436697643,-0.00552221432184796,5
0.000750085353112461,-0.011437952867692,-0.00135938818769342,5
0.00312172415383944,-0.00544682964899091,-0.0069176897018281,5
0.00345728806694541,-0.0065190443296775,-0.00514987703744907,5
0.00322257142359072,-0.00609403365088185,-0.00682721661726174,5
-0.033231784075745,0.0269470062062724,5.97270496332977e-05,0
-0.0325575453702148,0.0260222560439723,-0.00117611269800956,0
-0.0346337384896887,0.0278469400470316,0.00108730416989985,0
-0.0316540342207749,0.0249994052333894,-0.00101635100373933,0
-0.0339405420321956,0.0274585545051736,-0.000233590873602454,0
0.0321032120216853,0.0227474779098746,-0.0278053343902183,3
0.0316915163000346,0.020927272225693,-0.0284806874316843,3
0.0127953848095727,-0.00239206601203156,-0.00408852898552848,2
0.0122751894622947,-0.00432195804319794,-0.00336683946849459,2
0.0109625619558576,-0.0051218585299692,-0.00234504403907845,2
0.031783057224933,0.016837862405452,0.0323458866152887,2
0.0321415784452228,0.0171737553839215,0.0311501003755591,2
0.0315386332044534,0.0169050298026874,0.031611417386287,2
0.0131556628973079,-0.00188637072454966,-0.00486071902210017,2
0.0159596529101007,0.000338677335878417,-0.00656426547448351,2
0.00683017032847882,-0.00935594065873273,-0.00297874524709801,2
0.0194631865584996,0.00530830263986392,-0.0085624212527204,2
0.0246562495989522,0.0122190482838601,-0.0110413509025097,2
0.0068162877069745,-0.00769450151377123,-0.00608258911916703,6
0.000445271396146607,-0.0140882767802463,-0.00360371081293568,6
0.0011220352879271,-0.0135360534775736,-0.00257986998678283,6
0.00167790082235589,-0.01350628891353,-0.00315326985068927,6
-0.00475042613195233,-0.0231510784000547,0.00343994019533003,6
-0.00522988767513053,-0.0233565989364907,0.00334789395088629,6
-0.00598563453236486,-0.0245371869876832,0.00477038991251499,6
-0.00539609698571838,-0.0235645636517437,0.00311766518687762,6
-0.00552049195191397,-0.0235685679201167,0.00444668693188059,6
-0.00514588440054851,-0.0232170110568121,0.00371235030511986,6
-0.00409377849830955,-0.019059638640787,-0.0013569124430948,6
-0.00484211773139303,-0.019088157510285,-0.00190254332810749,6
-0.00391623663885228,-0.0192003116572034,9.3459877489374e-05,6
-0.00403995974526151,-0.01935299955619,-0.00248907291989744,6
-0.00424933100993191,-0.019024908281606,-0.00334314131886457,6
-0.0458987873180525,0.0471891964764985,0.00398533324233995,0
-0.0452467642814653,0.0461150734780499,0.00380042540954999,0
-0.0434942836534222,0.0431830724560054,0.00237916750586958,0
-0.0402180260370038,0.0405329314973484,0.00150842788008928,0
-0.0316059009498066,0.0259643682399841,0.00190116425173919,0
-0.0443766865894576,0.0444554837485073,0.00383239094474023,0
-0.0188179289567126,-0.00649556660935896,-0.000365630767566007,0
-0.0190589514128022,-0.00565499720192259,-0.00233926711061868,0
-0.018894497982119,-0.00628623845314934,-0.00247647321309954,0
-0.0119151959395161,-0.0185742283879988,-0.00366236993718927,6
-0.0119617565348797,-0.0175585828161587,-0.00648693062271555,6
-0.0111542705864181,-0.0178760867877256,-0.00414501143314909,6
-0.0106550369625392,-0.0188951897726827,-0.0029379965141939,6
0.0088927649636688,-0.00777600507328785,0.00206076066246801,2
0.0178632231182584,0.00241339537580016,0.00285070472449544,2
0.0210390969904541,0.00599772004880953,-0.0012993965852107,2
0.0238840983979883,0.00951826629219088,-0.00357451501766154,2
0.0248861652989271,0.0110486693979377,-0.00671923211636622,2
-0.00929854563806589,-0.0216199639395594,-0.00195369114611948,6
-0.00894277626492604,-0.0207730064994767,-0.00129975254920203,6
-0.0090230793954189,-0.0215931512816664,-0.00105831762124776,6
-0.00863165122273436,-0.0212851588584641,0.00047199177356519,6
0.0328938029079989,0.018762784213871,0.0165955497341013,2
0.0327410022832852,0.017551804547662,0.0236696846588424,2
0.0315940096328985,0.0168905409070202,0.0251501508469701,2
0.032487216094144,0.0178936591807521,0.0300147875193073,2
-0.00738294973449386,-0.0242894831097906,0.00122351994857192,6
-0.00811758564184098,-0.0242975714756097,0.00231699960135624,6
-0.00773111176860129,-0.0241023646696283,0.000672078045256569,6
-0.00707117431551286,-0.0239690308828003,0.00183208475791209,6
-0.00861596508572943,-0.0222245103990179,-0.000178415716417507,6
-0.00937502595844,-0.0222278096476149,-0.000454039227826297,6
-0.00974942152667133,-0.0231254560854031,-0.000181365378098918,6
-0.0110633711945789,-0.0140752980638122,-0.00316035542067856,6
-0.00993154860462662,-0.0177057362751643,-0.00236800876871261,6
-0.0110416385525815,-0.0154658912695031,-0.00310675639583002,6
-0.00196613338740174,-0.0158838776756687,0.0035764841483452,2
-0.000794950993983656,-0.0145857632872907,-9.92471532621205e-05,2
-0.000328664524491647,-0.0154858380595992,0.00306728179442079,2
-0.00183203612002561,-0.016269948415664,0.0016620143448505,2
-0.0091825170296642,-0.0223522368642923,-0.000974660329551866,6
-0.00896536743143951,-0.0230930595399548,-0.000902248496808208,6
-0.00818966280190469,-0.0218512722141617,-0.0020495160757316,6
-0.0083356568964035,-0.0231014150406,-0.00262475651230398,6
-0.00805900078199174,-0.0222499404668324,-0.00194877338823604,6
-0.00768622152584635,-0.0215258775161071,-0.00347039728623371,6
-0.00841229439387806,-0.0225977572418607,-0.00340234026865823,6
-0.00785942471537973,-0.021937500185307,-0.00255687810638476,6
0.0166284441406527,0.0015698891502821,-0.00385060137956461,2
0.0185827651833603,0.0041268319810324,-0.0044523713976065,2
0.0172938567766935,0.00450851188069182,-0.00583992377283963,2
0.0191132714582611,0.00554247324896667,-0.0064086775129457,2
0.018436829431664,0.00439928990759592,-0.00405599975567242,2
0.017395352942199,0.00304793841461873,-0.00406466481450661,2
0.0185902485629369,0.00391757273897385,-0.00390857452893931,2
0.0183634527735668,0.00354573446956708,-0.00552787400519189,2
0.0183016476766535,0.00448712924147256,-0.0067876367733041,2
0.0170746819264894,0.00303025299601715,-0.00557011246298665,2
0.018254792988308,0.00454036286276995,-0.00547334327524843,2
-0.0170080430566884,-0.0079094046781521,-0.0014496737334029,0
-0.0162994393505983,-0.00979251310953827,-0.00268104282818357,0
-0.0173375834779164,-0.00720262339398642,-0.0031452316694691,0
-0.0158126317917905,-0.00898116790448264,-0.00246205652853666,0
-0.0111046783431749,-0.0199791063333913,-0.000694215665310874,0
-0.010442392817553,-0.0197687897733222,-0.00299200680837042,0
-0.00990572203251713,-0.0199834934691179,-0.00357642379009396,0
-0.00252506698149193,-0.0172357297851481,-0.00175032633665911,6
-0.00360877818788537,-0.0185960147956478,-0.000318601851955091,6
0.0253900630704001,0.0121610080399866,-0.0145370198472079,2
0.0256792288162641,0.0137970943200841,-0.0163222058750921,2
0.0263059638560887,0.0134907028391162,-0.016411977306099,2
0.0267159470906953,0.0143195557668438,-0.0166338752562347,2
0.0250699528016696,0.0127291716449058,-0.0108880624201754,2
-0.00486030048075809,-0.0222643667788191,0.0044139354162473,6
-0.00526961284024316,-0.0228931439980035,0.00196566701012562,6
-0.00547175091202417,-0.0227622079361198,0.00292975659447084,6
-0.00463148474096367,-0.0225920091187711,0.00302359875723392,6
-0.0062672970616855,-0.0227692854400658,0.00388837417772142,6
0.0334954530146538,0.0215744006787187,-0.019001543784957,2
0.0316677452057995,0.0215303018435541,-0.0177818373349903,2
0.0324981504985428,0.0214959638142159,-0.0184114500595907,2
0.0324012154959087,0.0201998789785946,-0.0184987391365656,2
0.0330624852965432,0.0210199718244007,-0.0165250740058156,2
0.0324826412524672,0.0210030177565658,-0.0172549295553233,2
0.033375084698045,0.0213608023698483,-0.0145431816990642,2
0.0325342633914453,0.0210891119523152,-0.0169106187523952,2
0.0329323678985637,0.0208022337413019,-0.0175349728803672,2
0.0334993218217554,0.0214597210130752,-0.016699490713098,2
0.0330890919180023,0.0214451694503066,-0.0178293306366361,2
0.0326135978901518,0.0205628682265985,-0.0174539443732927,2
0.0117981328691837,5.45107608356568e-05,-0.00712826488979942,2
0.0112922612495332,-0.00102702440139397,-0.010774565365562,2
0.014187808098835,0.000891743621534213,-0.0108574331205198,2
0.00414828019945099,-0.00855586935987534,-0.00599778330005169,2
0.00523622004968798,-0.00750558882643945,-0.00435234419391312,2
0.00110710952929793,-0.0114390665740529,-0.00442820318875686,2
0.0103583981186973,-0.00263935167842061,-0.00792834295699742,2
0.00436093411746387,-0.00895914790499785,-0.00650910678528009,2
0.00654004727248396,-0.00648744555299598,-0.00526348109879376,2
-0.0152501935830146,-0.00566347595356268,-0.000914782728349657,6
-0.0140519495872295,-0.0107010401619265,-0.00388705944266324,6
-0.0121752580103184,-0.0141436197966853,-0.00417830060640605,6
-0.0110986183779043,-0.0176677470258043,-0.00374696002915029,6
-0.0117790135793775,-0.0187148859672722,-0.0054871591830335,6
-0.0116809403193839,-0.0189144223230876,-0.00278960789404657,6
-0.0118052635002297,-0.0188614989333915,-0.00446233363068423,6
0.0308066659512557,0.0171942090257853,-0.00945717721894784,2
0.0326078367627594,0.0197649647619094,-0.00291869256115898,2
0.0330942169746235,0.0197768344356834,-0.0108396955081331,2
0.032520005852629,0.0199616742229009,-0.00243979818262152,2
0.030343246983119,0.017835853267577,-0.00748902695184739,2
0.0302484235446295,0.0150711295286133,0.0835932614414148,1
0.0291333343060656,0.013606680378792,0.0795989663275605,1
0.0306311208541862,0.0135843036529402,0.0814355508977195,1
0.030173604383434,0.0147001728780121,0.081578706188733,1
0.0297243221052637,0.0134017830097663,0.0794109344800332,1
